Run,Assay Type,AvgSpotLen,Bases,BioProject,BioSample,BioSampleModel,Bytes,Center Name,Collection_Date,Consent,DATASTORE filetype,DATASTORE provider,DATASTORE region,Experiment,geo_loc_name_country,geo_loc_name_country_continent,geo_loc_name,HASubType_NASubType,HOST,Identifying_Code,Influenza,Instrument,isolation_source,lat_lon,Library Name,LibraryLayout,LibrarySelection,LibrarySource,Organism,Platform,ReleaseDate,create_date,version,Sample Name,SRA Study,sex
SRR5275058,AMPLICON,500,14670000,PRJNA358103,SAMN06335204,Metagenome or environmental,9934774,UC DAVIS,2013-07-30,public,"fastq,run.zq,sra","gs,ncbi,s3","gs.us-east1,ncbi.public,s3.us-east-1",SRX2579009,USA,North America,"USA: California\, Grizzly Island Wildlife Area SolanoCounty",H4N6,Anas platyrhynchos,UCD.13.01486.PA.H4,Pos,Illumina MiSeq,cloacal swab,38.13 N 121.98 W,UCD.13.01486.PA.H4,PAIRED,PCR,METAGENOMIC,gut metagenome,ILLUMINA,2017-02-27T00:00:00Z,2017-02-21T11:50:00Z,1,UCD.13.01486.PA.H4,SRP100441,male
SRR5275059,AMPLICON,500,19774500,PRJNA358103,SAMN06335203,Metagenome or environmental,13085672,UC DAVIS,2013-07-30,public,"fastq,run.zq,sra","gs,ncbi,s3","gs.us-east1,ncbi.public,s3.us-east-1",SRX2579010,USA,North America,"USA: California\, Grizzly Island Wildlife Area SolanoCounty",H4N6,Anas platyrhynchos,UCD.13.01483.VB.H4,Pos,Illumina MiSeq,cloacal swab,38.13 N 121.98 W,UCD.13.01483.VB.H4,PAIRED,PCR,METAGENOMIC,gut metagenome,ILLUMINA,2017-02-27T00:00:00Z,2017-02-21T11:50:00Z,1,UCD.13.01483.VB.H4,SRP100441,male
SRR5275060,AMPLICON,500,18731500,PRJNA358103,SAMN06335202,Metagenome or environmental,11704675,UC DAVIS,2013-07-23,public,"fastq,run.zq,sra","gs,ncbi,s3","gs.us-east1,ncbi.public,s3.us-east-1",SRX2579011,USA,North America,"USA: California\, Grizzly Island Wildlife Area SolanoCounty",H5N5,Anas platyrhynchos,UCD.13.01399.VB.H5,Pos,Illumina MiSeq,cloacal swab,38.13 N 121.98 W,UCD.13.01399.VB.H5,PAIRED,PCR,METAGENOMIC,gut metagenome,ILLUMINA,2017-02-27T00:00:00Z,2017-02-21T11:50:00Z,1,UCD.13.01399.VB.H5,SRP100441,female
SRR5275061,AMPLICON,500,17838000,PRJNA358103,SAMN06335201,Metagenome or environmental,11735910,UC DAVIS,2013-07-23,public,"fastq,run.zq,sra","gs,ncbi,s3","gs.us-east1,ncbi.public,s3.us-east-1",SRX2579012,USA,North America,"USA: California\, Grizzly Island Wildlife Area SolanoCounty",H4N6,Anas platyrhynchos,UCD.13.01398.VB.H4,Pos,Illumina MiSeq,cloacal swab,38.13 N 121.98 W,UCD.13.01398.VB.H4,PAIRED,PCR,METAGENOMIC,gut metagenome,ILLUMINA,2017-02-27T00:00:00Z,2017-02-21T11:50:00Z,1,UCD.13.01398.VB.H4,SRP100441,female
SRR5275062,AMPLICON,500,12170000,PRJNA358103,SAMN06335200,Metagenome or environmental,8286621,UC DAVIS,2013-07-23,public,"fastq,run.zq,sra","gs,ncbi,s3","gs.us-east1,ncbi.public,s3.us-east-1",SRX2579013,USA,North America,"USA: California\, Grizzly Island Wildlife Area SolanoCounty",H5N5,Anas platyrhynchos,UCD.13.01397.VB.H5,Pos,Illumina MiSeq,cloacal swab,38.13 N 121.98 W,UCD.13.01397.VB.H5,PAIRED,PCR,METAGENOMIC,gut metagenome,ILLUMINA,2017-02-27T00:00:00Z,2017-02-21T11:50:00Z,1,UCD.13.01397.VB.H5,SRP100441,male
SRR5275063,AMPLICON,500,19480000,PRJNA358103,SAMN06335199,Metagenome or environmental,12919190,UC DAVIS,2013-07-23,public,"fastq,run.zq,sra","gs,ncbi,s3","gs.us-east1,ncbi.public,s3.us-east-1",SRX2579014,USA,North America,"USA: California\, Grizzly Island Wildlife Area SolanoCounty",H4N6,Anas platyrhynchos,UCD.13.01396.VB.H4,Pos,Illumina MiSeq,cloacal swab,38.13 N 121.98 W,UCD.13.01396.VB.H4,PAIRED,PCR,METAGENOMIC,gut metagenome,ILLUMINA,2017-02-27T00:00:00Z,2017-02-21T11:50:00Z,1,UCD.13.01396.VB.H4,SRP100441,female
SRR5275064,AMPLICON,500,19845500,PRJNA358103,SAMN06335198,Metagenome or environmental,13030742,UC DAVIS,2013-07-23,public,"fastq,run.zq,sra","gs,ncbi,s3","gs.us-east1,ncbi.public,s3.us-east-1",SRX2579015,USA,North America,"USA: California\, Grizzly Island Wildlife Area SolanoCounty",H5N5,Anas platyrhynchos,UCD.13.01395.VB.H5,Pos,Illumina MiSeq,cloacal swab,38.13 N 121.98 W,UCD.13.01395.VB.H5,PAIRED,PCR,METAGENOMIC,gut metagenome,ILLUMINA,2017-02-27T00:00:00Z,2017-02-21T11:50:00Z,1,UCD.13.01395.VB.H5,SRP100441,male
SRR5275065,AMPLICON,500,16092500,PRJNA358103,SAMN06335197,Metagenome or environmental,10858132,UC DAVIS,2013-07-23,public,"fastq,run.zq,sra","gs,ncbi,s3","gs.us-east1,ncbi.public,s3.us-east-1",SRX2579016,USA,North America,"USA: California\, Grizzly Island Wildlife Area SolanoCounty",H5N5,Anas platyrhynchos,UCD.13.01392.VB.H5,Pos,Illumina MiSeq,cloacal swab,38.13 N 121.98 W,UCD.13.01392.VB.H5,PAIRED,PCR,METAGENOMIC,gut metagenome,ILLUMINA,2017-02-27T00:00:00Z,2017-02-21T11:50:00Z,1,UCD.13.01392.VB.H5,SRP100441,male
SRR5275066,AMPLICON,500,16600500,PRJNA358103,SAMN06335196,Metagenome or environmental,11132084,UC DAVIS,2013-07-23,public,"fastq,run.zq,sra","gs,ncbi,s3","gs.us-east1,ncbi.public,s3.us-east-1",SRX2579017,USA,North America,"USA: California\, Grizzly Island Wildlife Area SolanoCounty",H5N5,Anas platyrhynchos,UCD.13.01386.VB.H5,Pos,Illumina MiSeq,cloacal swab,38.13 N 121.98 W,UCD.13.01386.VB.H5,PAIRED,PCR,METAGENOMIC,gut metagenome,ILLUMINA,2017-02-27T00:00:00Z,2017-02-21T11:50:00Z,1,UCD.13.01386.VB.H5,SRP100441,female
SRR5275067,AMPLICON,500,14684000,PRJNA358103,SAMN06335195,Metagenome or environmental,9735347,UC DAVIS,2013-07-22,public,"fastq,run.zq,sra","gs,ncbi,s3","gs.us-east1,ncbi.public,s3.us-east-1",SRX2579018,USA,North America,"USA: California\, Grizzly Island Wildlife Area SolanoCounty",H5N5,Anas platyrhynchos,UCD.13.01376.VB.H5,Pos,Illumina MiSeq,cloacal swab,38.13 N 121.98 W,UCD.13.01376.VB.H5,PAIRED,PCR,METAGENOMIC,gut metagenome,ILLUMINA,2017-02-27T00:00:00Z,2017-02-21T11:50:00Z,1,UCD.13.01376.VB.H5,SRP100441,female
SRR5275068,AMPLICON,500,30007500,PRJNA358103,SAMN06335194,Metagenome or environmental,19748215,UC DAVIS,2013-07-22,public,"fastq,run.zq,sra","gs,ncbi,s3","gs.us-east1,ncbi.public,s3.us-east-1",SRX2579019,USA,North America,"USA: California\, Grizzly Island Wildlife Area SolanoCounty",H5N5,Anas platyrhynchos,UCD.13.01375.VA.H5,Pos,Illumina MiSeq,cloacal swab,38.13 N 121.98 W,UCD.13.01375.VA.H5,PAIRED,PCR,METAGENOMIC,gut metagenome,ILLUMINA,2017-02-27T00:00:00Z,2017-02-21T11:50:00Z,1,UCD.13.01375.VA.H5,SRP100441,female
SRR5275069,AMPLICON,500,15632000,PRJNA358103,SAMN06335193,Metagenome or environmental,10610499,UC DAVIS,2013-07-22,public,"fastq,run.zq,sra","gs,ncbi,s3","gs.us-east1,ncbi.public,s3.us-east-1",SRX2579020,USA,North America,"USA: California\, Grizzly Island Wildlife Area SolanoCounty",H5N5,Anas platyrhynchos,UCD.13.01371.VA.H5,Pos,Illumina MiSeq,cloacal swab,38.13 N 121.98 W,UCD.13.01371.VA.H5,PAIRED,PCR,METAGENOMIC,gut metagenome,ILLUMINA,2017-02-27T00:00:00Z,2017-02-21T11:50:00Z,1,UCD.13.01371.VA.H5,SRP100441,female
SRR5275070,AMPLICON,500,14856500,PRJNA358103,SAMN06335192,Metagenome or environmental,9734672,UC DAVIS,2013-07-22,public,"fastq,run.zq,sra","gs,ncbi,s3","gs.us-east1,ncbi.public,s3.us-east-1",SRX2579021,USA,North America,"USA: California\, Grizzly Island Wildlife Area SolanoCounty",H5N5,Anas platyrhynchos,UCD.13.01370.VA.H5,Pos,Illumina MiSeq,cloacal swab,38.13 N 121.98 W,UCD.13.01370.VA.H5,PAIRED,PCR,METAGENOMIC,gut metagenome,ILLUMINA,2017-02-27T00:00:00Z,2017-02-21T11:50:00Z,1,UCD.13.01370.VA.H5,SRP100441,female
SRR5275071,AMPLICON,500,14690000,PRJNA358103,SAMN06335191,Metagenome or environmental,9875156,UC DAVIS,2013-07-22,public,"fastq,run.zq,sra","gs,ncbi,s3","gs.us-east1,ncbi.public,s3.us-east-1",SRX2579022,USA,North America,"USA: California\, Grizzly Island Wildlife Area SolanoCounty",H4N6,Anas platyrhynchos,UCD.13.01369.VB.H4,Pos,Illumina MiSeq,cloacal swab,38.13 N 121.98 W,UCD.13.01369.VB.H4,PAIRED,PCR,METAGENOMIC,gut metagenome,ILLUMINA,2017-02-27T00:00:00Z,2017-02-21T11:50:00Z,1,UCD.13.01369.VB.H4,SRP100441,female
SRR5275072,AMPLICON,500,14044000,PRJNA358103,SAMN06335190,Metagenome or environmental,9462612,UC DAVIS,2013-07-22,public,"fastq,run.zq,sra","gs,ncbi,s3","gs.us-east1,ncbi.public,s3.us-east-1",SRX2579023,USA,North America,"USA: California\, Grizzly Island Wildlife Area SolanoCounty",H4N6,Anas platyrhynchos,UCD.13.01358.PA.H4,Pos,Illumina MiSeq,cloacal swab,38.13 N 121.98 W,UCD.13.01358.PA.H4,PAIRED,PCR,METAGENOMIC,gut metagenome,ILLUMINA,2017-02-27T00:00:00Z,2017-02-21T11:50:00Z,1,UCD.13.01358.PA.H4,SRP100441,male
SRR5275073,AMPLICON,500,13428000,PRJNA358103,SAMN06335189,Metagenome or environmental,8552868,UC DAVIS,2013-07-22,public,"fastq,run.zq,sra","gs,ncbi,s3","gs.us-east1,ncbi.public,s3.us-east-1",SRX2579024,USA,North America,"USA: California\, Grizzly Island Wildlife Area SolanoCounty",H5N5,Anas platyrhynchos,UCD.13.01357.VB.H5,Pos,Illumina MiSeq,cloacal swab,38.13 N 121.98 W,UCD.13.01357.VB.H5,PAIRED,PCR,METAGENOMIC,gut metagenome,ILLUMINA,2017-02-27T00:00:00Z,2017-02-21T11:50:00Z,1,UCD.13.01357.VB.H5,SRP100441,female
SRR5275074,AMPLICON,500,13660500,PRJNA358103,SAMN06335188,Metagenome or environmental,9276813,UC DAVIS,2013-07-22,public,"fastq,run.zq,sra","gs,ncbi,s3","gs.us-east1,ncbi.public,s3.us-east-1",SRX2579025,USA,North America,"USA: California\, Grizzly Island Wildlife Area SolanoCounty",neg,Anas platyrhynchos,UCD.13.01354,Neg,Illumina MiSeq,cloacal swab,38.13 N 121.98 W,UCD.13.01354,PAIRED,PCR,METAGENOMIC,gut metagenome,ILLUMINA,2017-02-27T00:00:00Z,2017-02-21T11:50:00Z,1,UCD.13.01354,SRP100441,female
SRR5275075,AMPLICON,500,13138000,PRJNA358103,SAMN06335187,Metagenome or environmental,8868228,UC DAVIS,2013-07-22,public,"fastq,run.zq,sra","gs,ncbi,s3","gs.us-east1,ncbi.public,s3.us-east-1",SRX2579026,USA,North America,"USA: California\, Grizzly Island Wildlife Area SolanoCounty",neg,Anas platyrhynchos,UCD.13.01352,Neg,Illumina MiSeq,cloacal swab,38.13 N 121.98 W,UCD.13.01352,PAIRED,PCR,METAGENOMIC,gut metagenome,ILLUMINA,2017-02-27T00:00:00Z,2017-02-21T11:50:00Z,1,UCD.13.01352,SRP100441,female
SRR5275076,AMPLICON,500,19838500,PRJNA358103,SAMN06335186,Metagenome or environmental,13221366,UC DAVIS,2013-07-22,public,"fastq,run.zq,sra","gs,ncbi,s3","gs.us-east1,ncbi.public,s3.us-east-1",SRX2579027,USA,North America,"USA: California\, Grizzly Island Wildlife Area SolanoCounty",neg,Anas platyrhynchos,UCD.13.01351,Neg,Illumina MiSeq,cloacal swab,38.13 N 121.98 W,UCD.13.01351,PAIRED,PCR,METAGENOMIC,gut metagenome,ILLUMINA,2017-02-27T00:00:00Z,2017-02-21T11:50:00Z,1,UCD.13.01351,SRP100441,female
SRR5275077,AMPLICON,500,14915500,PRJNA358103,SAMN06335185,Metagenome or environmental,9968521,UC DAVIS,2013-07-22,public,"fastq,run.zq,sra","gs,ncbi,s3","gs.us-east1,ncbi.public,s3.us-east-1",SRX2579028,USA,North America,"USA: California\, Grizzly Island Wildlife Area SolanoCounty",H4N6,Anas platyrhynchos,UCD.13.01349.VB.H4,Pos,Illumina MiSeq,cloacal swab,38.13 N 121.98 W,UCD.13.01349.VB.H4,PAIRED,PCR,METAGENOMIC,gut metagenome,ILLUMINA,2017-02-27T00:00:00Z,2017-02-21T11:50:00Z,1,UCD.13.01349.VB.H4,SRP100441,female
SRR5275078,AMPLICON,500,14573000,PRJNA358103,SAMN06335184,Metagenome or environmental,9875931,UC DAVIS,2013-07-18,public,"fastq,run.zq,sra","gs,ncbi,s3","gs.us-east1,ncbi.public,s3.us-east-1",SRX2579029,USA,North America,"USA: California\, Grizzly Island Wildlife Area SolanoCounty",neg,Anas platyrhynchos,UCD.13.01347,Neg,Illumina MiSeq,cloacal swab,38.13 N 121.98 W,UCD.13.01347,PAIRED,PCR,METAGENOMIC,gut metagenome,ILLUMINA,2017-02-27T00:00:00Z,2017-02-21T11:50:00Z,1,UCD.13.01347,SRP100441,male
SRR5275079,AMPLICON,500,18224000,PRJNA358103,SAMN06335183,Metagenome or environmental,12243884,UC DAVIS,2013-07-18,public,"fastq,run.zq,sra","gs,ncbi,s3","gs.us-east1,ncbi.public,s3.us-east-1",SRX2579030,USA,North America,"USA: California\, Grizzly Island Wildlife Area SolanoCounty",neg,Anas platyrhynchos,UCD.13.01346,Neg,Illumina MiSeq,cloacal swab,38.13 N 121.98 W,UCD.13.01346,PAIRED,PCR,METAGENOMIC,gut metagenome,ILLUMINA,2017-02-27T00:00:00Z,2017-02-21T11:51:00Z,1,UCD.13.01346,SRP100441,female
SRR5275080,AMPLICON,500,4814500,PRJNA358103,SAMN06335182,Metagenome or environmental,3254602,UC DAVIS,2013-07-18,public,"fastq,run.zq,sra","gs,ncbi,s3","gs.us-east1,ncbi.public,s3.us-east-1",SRX2579031,USA,North America,"USA: California\, Grizzly Island Wildlife Area SolanoCounty",neg,Anas platyrhynchos,UCD.13.01345,Neg,Illumina MiSeq,cloacal swab,38.13 N 121.98 W,UCD.13.01345,PAIRED,PCR,METAGENOMIC,gut metagenome,ILLUMINA,2017-02-27T00:00:00Z,2017-02-21T11:50:00Z,1,UCD.13.01345,SRP100441,female
SRR5275081,AMPLICON,500,10448000,PRJNA358103,SAMN06335181,Metagenome or environmental,7109743,UC DAVIS,2013-07-18,public,"fastq,run.zq,sra","gs,ncbi,s3","gs.us-east1,ncbi.public,s3.us-east-1",SRX2579032,USA,North America,"USA: California\, Grizzly Island Wildlife Area SolanoCounty",neg,Anas platyrhynchos,UCD.13.01344,Neg,Illumina MiSeq,cloacal swab,38.13 N 121.98 W,UCD.13.01344,PAIRED,PCR,METAGENOMIC,gut metagenome,ILLUMINA,2017-02-27T00:00:00Z,2017-02-21T11:51:00Z,1,UCD.13.01344,SRP100441,male
SRR5275082,AMPLICON,500,15661500,PRJNA358103,SAMN06335180,Metagenome or environmental,10381980,UC DAVIS,2013-07-18,public,"fastq,run.zq,sra","gs,ncbi,s3","gs.us-east1,ncbi.public,s3.us-east-1",SRX2579033,USA,North America,"USA: California\, Grizzly Island Wildlife Area SolanoCounty",neg,Anas platyrhynchos,UCD.13.01343,Neg,Illumina MiSeq,cloacal swab,38.13 N 121.98 W,UCD.13.01343,PAIRED,PCR,METAGENOMIC,gut metagenome,ILLUMINA,2017-02-27T00:00:00Z,2017-02-21T11:51:00Z,1,UCD.13.01343,SRP100441,female
SRR5275083,AMPLICON,500,13375000,PRJNA358103,SAMN06335179,Metagenome or environmental,9005007,UC DAVIS,2012-07-23,public,"fastq,run.zq,sra","gs,ncbi,s3","gs.us-east1,ncbi.public,s3.us-east-1",SRX2579034,USA,North America,"USA: California\, Grizzly Island Wildlife Area SolanoCounty",H3N8,Anas platyrhynchos,UCD.12.02945.VB.H3,Pos,Illumina MiSeq,cloacal swab,38.13 N 121.98 W,UCD.12.02945.VB.H3,PAIRED,PCR,METAGENOMIC,gut metagenome,ILLUMINA,2017-02-27T00:00:00Z,2017-02-21T11:51:00Z,1,UCD.12.02945.VB.H3,SRP100441,female
SRR5275084,AMPLICON,500,19359500,PRJNA358103,SAMN06335178,Metagenome or environmental,13099200,UC DAVIS,2012-07-23,public,"fastq,run.zq,sra","gs,ncbi,s3","gs.us-east1,ncbi.public,s3.us-east-1",SRX2579035,USA,North America,"USA: California\, Grizzly Island Wildlife Area SolanoCounty",H3N8,Anas platyrhynchos,UCD.12.02924.VB.H3,Pos,Illumina MiSeq,cloacal swab,38.13 N 121.98 W,UCD.12.02924.VB.H3,PAIRED,PCR,METAGENOMIC,gut metagenome,ILLUMINA,2017-02-27T00:00:00Z,2017-02-21T11:51:00Z,1,UCD.12.02924.VB.H3,SRP100441,female
SRR5275085,AMPLICON,500,16569000,PRJNA358103,SAMN06335177,Metagenome or environmental,11172245,UC DAVIS,2012-07-20,public,"fastq,run.zq,sra","gs,ncbi,s3","gs.us-east1,ncbi.public,s3.us-east-1",SRX2579036,USA,North America,"USA: California\, Grizzly Island Wildlife Area SolanoCounty",H3N8,Anas platyrhynchos,UCD.12.02904.VB.H3,Pos,Illumina MiSeq,cloacal swab,38.13 N 121.98 W,UCD.12.02904.VB.H3,PAIRED,PCR,METAGENOMIC,gut metagenome,ILLUMINA,2017-02-27T00:00:00Z,2017-02-21T11:51:00Z,1,UCD.12.02904.VB.H3,SRP100441,male
SRR5275086,AMPLICON,500,12820000,PRJNA358103,SAMN06335176,Metagenome or environmental,8754389,UC DAVIS,2012-07-20,public,"fastq,run.zq,sra","gs,ncbi,s3","gs.us-east1,ncbi.public,s3.us-east-1",SRX2579037,USA,North America,"USA: California\, Grizzly Island Wildlife Area SolanoCounty",H2N3,Anas platyrhynchos,UCD.12.02885.VB.H2,Pos,Illumina MiSeq,cloacal swab,38.13 N 121.98 W,UCD.12.02885.VB.H2,PAIRED,PCR,METAGENOMIC,gut metagenome,ILLUMINA,2017-02-27T00:00:00Z,2017-02-21T11:51:00Z,1,UCD.12.02885.VB.H2,SRP100441,male
SRR5275087,AMPLICON,500,5850500,PRJNA358103,SAMN06335175,Metagenome or environmental,3897650,UC DAVIS,2012-07-18,public,"fastq,run.zq,sra","gs,ncbi,s3","gs.us-east1,ncbi.public,s3.us-east-1",SRX2579038,USA,North America,"USA: California\, Grizzly Island Wildlife Area SolanoCounty",H2N3,Anas platyrhynchos,UCD.12.02867.VB.H2,Pos,Illumina MiSeq,cloacal swab,38.13 N 121.98 W,UCD.12.02867.VB.H2,PAIRED,PCR,METAGENOMIC,gut metagenome,ILLUMINA,2017-02-27T00:00:00Z,2017-02-21T11:51:00Z,1,UCD.12.02867.VB.H2,SRP100441,male
SRR5275088,AMPLICON,500,4242000,PRJNA358103,SAMN06335174,Metagenome or environmental,2908472,UC DAVIS,2012-07-18,public,"fastq,run.zq,sra","gs,ncbi,s3","gs.us-east1,ncbi.public,s3.us-east-1",SRX2579039,USA,North America,"USA: California\, Grizzly Island Wildlife Area SolanoCounty",H2N7,Anas platyrhynchos,UCD.12.02858.VB.H2,Pos,Illumina MiSeq,cloacal swab,38.13 N 121.98 W,UCD.12.02858.VB.H2,PAIRED,PCR,METAGENOMIC,gut metagenome,ILLUMINA,2017-02-27T00:00:00Z,2017-02-21T11:50:00Z,1,UCD.12.02858.VB.H2,SRP100441,male
SRR5275089,AMPLICON,500,11800500,PRJNA358103,SAMN06335173,Metagenome or environmental,8012220,UC DAVIS,2012-07-16,public,"fastq,run.zq,sra","gs,ncbi,s3","gs.us-east1,ncbi.public,s3.us-east-1",SRX2579040,USA,North America,"USA: California\, Grizzly Island Wildlife Area SolanoCounty",H2N3,Anas platyrhynchos,UCD.12.02841.VA.H2,Pos,Illumina MiSeq,cloacal swab,38.13 N 121.98 W,UCD.12.02841.VA.H2,PAIRED,PCR,METAGENOMIC,gut metagenome,ILLUMINA,2017-02-27T00:00:00Z,2017-02-21T11:51:00Z,1,UCD.12.02841.VA.H2,SRP100441,male
SRR5275090,AMPLICON,500,13561000,PRJNA358103,SAMN06335172,Metagenome or environmental,9235904,UC DAVIS,2012-07-16,public,"fastq,run.zq,sra","gs,ncbi,s3","gs.us-east1,ncbi.public,s3.us-east-1",SRX2579041,USA,North America,"USA: California\, Grizzly Island Wildlife Area SolanoCounty",H2N3,Anas platyrhynchos,UCD.12.02840.VB.H2,Pos,Illumina MiSeq,cloacal swab,38.13 N 121.98 W,UCD.12.02840.VB.H2,PAIRED,PCR,METAGENOMIC,gut metagenome,ILLUMINA,2017-02-27T00:00:00Z,2017-02-21T11:51:00Z,1,UCD.12.02840.VB.H2,SRP100441,male
SRR5275091,AMPLICON,500,5277500,PRJNA358103,SAMN06335171,Metagenome or environmental,3416135,UC DAVIS,2012-07-16,public,"fastq,run.zq,sra","gs,ncbi,s3","gs.us-east1,ncbi.public,s3.us-east-1",SRX2579042,USA,North America,"USA: California\, Grizzly Island Wildlife Area SolanoCounty",H2N3,Anas platyrhynchos,UCD.12.02839.VB.H2,Pos,Illumina MiSeq,cloacal swab,38.13 N 121.98 W,UCD.12.02839.VB.H2,PAIRED,PCR,METAGENOMIC,gut metagenome,ILLUMINA,2017-02-27T00:00:00Z,2017-02-21T11:50:00Z,1,UCD.12.02839.VB.H2,SRP100441,female
SRR5275092,AMPLICON,500,16465000,PRJNA358103,SAMN06335170,Metagenome or environmental,11115022,UC DAVIS,2012-07-16,public,"fastq,run.zq,sra","gs,ncbi,s3","gs.us-east1,ncbi.public,s3.us-east-1",SRX2579043,USA,North America,"USA: California\, Grizzly Island Wildlife Area SolanoCounty",H2N3,Anas platyrhynchos,UCD.12.02838.VB.H2,Pos,Illumina MiSeq,cloacal swab,38.13 N 121.98 W,UCD.12.02838.VB.H2,PAIRED,PCR,METAGENOMIC,gut metagenome,ILLUMINA,2017-02-27T00:00:00Z,2017-02-21T11:51:00Z,1,UCD.12.02838.VB.H2,SRP100441,male
SRR5275093,AMPLICON,500,15566500,PRJNA358103,SAMN06335169,Metagenome or environmental,10510021,UC DAVIS,2012-07-16,public,"fastq,run.zq,sra","gs,ncbi,s3","gs.us-east1,ncbi.public,s3.us-east-1",SRX2579044,USA,North America,"USA: California\, Grizzly Island Wildlife Area SolanoCounty",H2N3,Anas platyrhynchos,UCD.12.02833.VA.H2,Pos,Illumina MiSeq,cloacal swab,38.13 N 121.98 W,UCD.12.02833.VA.H2,PAIRED,PCR,METAGENOMIC,gut metagenome,ILLUMINA,2017-02-27T00:00:00Z,2017-02-21T11:51:00Z,1,UCD.12.02833.VA.H2,SRP100441,male
SRR5275094,AMPLICON,500,10633000,PRJNA358103,SAMN06335168,Metagenome or environmental,7168623,UC DAVIS,2012-07-16,public,"fastq,run.zq,sra","gs,ncbi,s3","gs.us-east1,ncbi.public,s3.us-east-1",SRX2579045,USA,North America,"USA: California\, Grizzly Island Wildlife Area SolanoCounty",H2N3,Anas platyrhynchos,UCD.12.02829.VA.H2,Pos,Illumina MiSeq,cloacal swab,38.13 N 121.98 W,UCD.12.02829.VA.H2,PAIRED,PCR,METAGENOMIC,gut metagenome,ILLUMINA,2017-02-27T00:00:00Z,2017-02-21T11:51:00Z,1,UCD.12.02829.VA.H2,SRP100441,male
SRR5275095,AMPLICON,500,16309000,PRJNA358103,SAMN06335167,Metagenome or environmental,11033097,UC DAVIS,2012-07-13,public,"fastq,run.zq,sra","gs,ncbi,s3","gs.us-east1,ncbi.public,s3.us-east-1",SRX2579046,USA,North America,"USA: California\, Grizzly Island Wildlife Area SolanoCounty",H3N8,Anas platyrhynchos,UCD.12.02783.VA.H3,Pos,Illumina MiSeq,cloacal swab,38.13 N 121.98 W,UCD.12.02783.VA.H3,PAIRED,PCR,METAGENOMIC,gut metagenome,ILLUMINA,2017-02-27T00:00:00Z,2017-02-21T11:51:00Z,1,UCD.12.02783.VA.H3,SRP100441,male
SRR5275096,AMPLICON,500,17060000,PRJNA358103,SAMN06335166,Metagenome or environmental,11434398,UC DAVIS,2012-07-11,public,"fastq,run.zq,sra","gs,ncbi,s3","gs.us-east1,ncbi.public,s3.us-east-1",SRX2579047,USA,North America,"USA: California\, Grizzly Island Wildlife Area SolanoCounty",H3N8,Anas platyrhynchos,UCD.12.02762.VA.H3,Pos,Illumina MiSeq,cloacal swab,38.13 N 121.98 W,UCD.12.02762.VA.H3,PAIRED,PCR,METAGENOMIC,gut metagenome,ILLUMINA,2017-02-27T00:00:00Z,2017-02-21T11:51:00Z,1,UCD.12.02762.VA.H3,SRP100441,female
SRR5275097,AMPLICON,500,15699500,PRJNA358103,SAMN06335165,Metagenome or environmental,10598851,UC DAVIS,2012-07-11,public,"fastq,run.zq,sra","gs,ncbi,s3","gs.us-east1,ncbi.public,s3.us-east-1",SRX2579048,USA,North America,"USA: California\, Grizzly Island Wildlife Area SolanoCounty",H3N8,Anas platyrhynchos,UCD.12.02744.VB.H3,Pos,Illumina MiSeq,cloacal swab,38.13 N 121.98 W,UCD.12.02744.VB.H3,PAIRED,PCR,METAGENOMIC,gut metagenome,ILLUMINA,2017-02-27T00:00:00Z,2017-02-21T11:51:00Z,1,UCD.12.02744.VB.H3,SRP100441,female
SRR5275098,AMPLICON,500,12392500,PRJNA358103,SAMN06335164,Metagenome or environmental,8349876,UC DAVIS,2012-07-09,public,"fastq,run.zq,sra","gs,ncbi,s3","gs.us-east1,ncbi.public,s3.us-east-1",SRX2579049,USA,North America,"USA: California\, Grizzly Island Wildlife Area SolanoCounty",H3N8,Anas platyrhynchos,UCD.12.02743.VB.H3,Pos,Illumina MiSeq,cloacal swab,38.13 N 121.98 W,UCD.12.02743.VB.H3,PAIRED,PCR,METAGENOMIC,gut metagenome,ILLUMINA,2017-02-27T00:00:00Z,2017-02-21T11:51:00Z,1,UCD.12.02743.VB.H3,SRP100441,female
SRR5275099,AMPLICON,500,16191000,PRJNA358103,SAMN06335163,Metagenome or environmental,10953976,UC DAVIS,2012-07-09,public,"fastq,run.zq,sra","gs,ncbi,s3","gs.us-east1,ncbi.public,s3.us-east-1",SRX2579050,USA,North America,"USA: California\, Grizzly Island Wildlife Area SolanoCounty",neg,Anas platyrhynchos,UCD.12.02730.P,Neg,Illumina MiSeq,cloacal swab,38.13 N 121.98 W,UCD.12.02730.P,PAIRED,PCR,METAGENOMIC,gut metagenome,ILLUMINA,2017-02-27T00:00:00Z,2017-02-21T11:51:00Z,1,UCD.12.02730.P,SRP100441,female
SRR5275100,AMPLICON,500,8650000,PRJNA358103,SAMN06335162,Metagenome or environmental,5682230,UC DAVIS,2012-07-09,public,"fastq,run.zq,sra","gs,ncbi,s3","gs.us-east1,ncbi.public,s3.us-east-1",SRX2579051,USA,North America,"USA: California\, Grizzly Island Wildlife Area SolanoCounty",neg,Anas platyrhynchos,UCD.12.02729.P,Neg,Illumina MiSeq,cloacal swab,38.13 N 121.98 W,UCD.12.02729.P,PAIRED,PCR,METAGENOMIC,gut metagenome,ILLUMINA,2017-02-27T00:00:00Z,2017-02-21T11:51:00Z,1,UCD.12.02729.P,SRP100441,female
SRR5275101,AMPLICON,500,12249500,PRJNA358103,SAMN06335161,Metagenome or environmental,8314684,UC DAVIS,2012-07-09,public,"fastq,run.zq,sra","gs,ncbi,s3","gs.us-east1,ncbi.public,s3.us-east-1",SRX2579052,USA,North America,"USA: California\, Grizzly Island Wildlife Area SolanoCounty",neg,Anas platyrhynchos,UCD.12.02727.P,Neg,Illumina MiSeq,cloacal swab,38.13 N 121.98 W,UCD.12.02727.P,PAIRED,PCR,METAGENOMIC,gut metagenome,ILLUMINA,2017-02-27T00:00:00Z,2017-02-21T11:51:00Z,1,UCD.12.02727.P,SRP100441,male
SRR5275102,AMPLICON,500,13744500,PRJNA358103,SAMN06335160,Metagenome or environmental,8915208,UC DAVIS,2012-07-09,public,"fastq,run.zq,sra","gs,ncbi,s3","gs.us-east1,ncbi.public,s3.us-east-1",SRX2579053,USA,North America,"USA: California\, Grizzly Island Wildlife Area SolanoCounty",neg,Anas platyrhynchos,UCD.12.02726.P,Neg,Illumina MiSeq,cloacal swab,38.13 N 121.98 W,UCD.12.02726.P,PAIRED,PCR,METAGENOMIC,gut metagenome,ILLUMINA,2017-02-27T00:00:00Z,2017-02-21T11:51:00Z,1,UCD.12.02726.P,SRP100441,female
SRR5275103,AMPLICON,500,10955000,PRJNA358103,SAMN06335159,Metagenome or environmental,7386086,UC DAVIS,2012-07-09,public,"fastq,run.zq,sra","gs,ncbi,s3","gs.us-east1,ncbi.public,s3.us-east-1",SRX2579054,USA,North America,"USA: California\, Grizzly Island Wildlife Area SolanoCounty",neg,Anas platyrhynchos,UCD.12.02725.P,Neg,Illumina MiSeq,cloacal swab,38.13 N 121.98 W,UCD.12.02725.P,PAIRED,PCR,METAGENOMIC,gut metagenome,ILLUMINA,2017-02-27T00:00:00Z,2017-02-21T11:51:00Z,1,UCD.12.02725.P,SRP100441,male
SRR5275104,AMPLICON,500,12306500,PRJNA358103,SAMN06335158,Metagenome or environmental,8420432,UC DAVIS,2012-07-09,public,"fastq,run.zq,sra","gs,ncbi,s3","gs.us-east1,ncbi.public,s3.us-east-1",SRX2579055,USA,North America,"USA: California\, Grizzly Island Wildlife Area SolanoCounty",neg,Anas platyrhynchos,UCD.12.02724.P,Neg,Illumina MiSeq,cloacal swab,38.13 N 121.98 W,UCD.12.02724.P,PAIRED,PCR,METAGENOMIC,gut metagenome,ILLUMINA,2017-02-27T00:00:00Z,2017-02-21T11:51:00Z,1,UCD.12.02724.P,SRP100441,male
SRR5275105,AMPLICON,500,22415000,PRJNA358103,SAMN06335157,Metagenome or environmental,13800100,UC DAVIS,2012-07-09,public,"fastq,run.zq,sra","gs,ncbi,s3","gs.us-east1,ncbi.public,s3.us-east-1",SRX2579056,USA,North America,"USA: California\, Grizzly Island Wildlife Area SolanoCounty",neg,Anas platyrhynchos,UCD.12.02723.P,Neg,Illumina MiSeq,cloacal swab,38.13 N 121.98 W,UCD.12.02723.P,PAIRED,PCR,METAGENOMIC,gut metagenome,ILLUMINA,2017-02-27T00:00:00Z,2017-02-21T11:52:00Z,1,UCD.12.02723.P,SRP100441,
SRR5275106,AMPLICON,500,11325000,PRJNA358103,SAMN06335156,Metagenome or environmental,7692467,UC DAVIS,2012-07-09,public,"fastq,run.zq,sra","gs,ncbi,s3","gs.us-east1,ncbi.public,s3.us-east-1",SRX2579057,USA,North America,"USA: California\, Grizzly Island Wildlife Area SolanoCounty",neg,Anas platyrhynchos,UCD.12.02722.P,Neg,Illumina MiSeq,cloacal swab,38.13 N 121.98 W,UCD.12.02722.P,PAIRED,PCR,METAGENOMIC,gut metagenome,ILLUMINA,2017-02-27T00:00:00Z,2017-02-21T11:51:00Z,1,UCD.12.02722.P,SRP100441,male
SRR5275107,AMPLICON,500,7694500,PRJNA358103,SAMN06335155,Metagenome or environmental,5256473,UC DAVIS,2012-07-09,public,"fastq,run.zq,sra","gs,ncbi,s3","gs.us-east1,ncbi.public,s3.us-east-1",SRX2579058,USA,North America,"USA: California\, Grizzly Island Wildlife Area SolanoCounty",neg,Anas platyrhynchos,UCD.12.02721.P,Neg,Illumina MiSeq,cloacal swab,38.13 N 121.98 W,UCD.12.02721.P,PAIRED,PCR,METAGENOMIC,gut metagenome,ILLUMINA,2017-02-27T00:00:00Z,2017-02-21T11:51:00Z,1,UCD.12.02721.P,SRP100441,female
SRR5275108,AMPLICON,500,11891000,PRJNA358103,SAMN06335154,Metagenome or environmental,7961268,UC DAVIS,2011-08-12,public,"fastq,run.zq,sra","gs,ncbi,s3","gs.us-east1,ncbi.public,s3.us-east-1",SRX2579059,USA,North America,"USA: California\, Grizzly Island Wildlife Area SolanoCounty",H4N6,Anas platyrhynchos,UCD.11.02594.P.H4,Pos,Illumina MiSeq,cloacal swab,38.13 N 121.98 W,UCD.11.02594.P.H4,PAIRED,PCR,METAGENOMIC,gut metagenome,ILLUMINA,2017-02-27T00:00:00Z,2017-02-21T11:51:00Z,1,UCD.11.02594.P.H4,SRP100441,female
SRR5275109,AMPLICON,500,16037500,PRJNA358103,SAMN06335153,Metagenome or environmental,10654482,UC DAVIS,2011-08-12,public,"fastq,run.zq,sra","gs,ncbi,s3","gs.us-east1,ncbi.public,s3.us-east-1",SRX2579060,USA,North America,"USA: California\, Grizzly Island Wildlife Area SolanoCounty",H4N6,Anas platyrhynchos,UCD.11.02590.V.H4,Pos,Illumina MiSeq,cloacal swab,38.13 N 121.98 W,UCD.11.02590.V.H4,PAIRED,PCR,METAGENOMIC,gut metagenome,ILLUMINA,2017-02-27T00:00:00Z,2017-02-21T11:51:00Z,1,UCD.11.02590.V.H4,SRP100441,male
SRR5275110,AMPLICON,500,15638500,PRJNA358103,SAMN06335152,Metagenome or environmental,10296768,UC DAVIS,2011-08-12,public,"fastq,run.zq,sra","gs,ncbi,s3","gs.us-east1,ncbi.public,s3.us-east-1",SRX2579061,USA,North America,"USA: California\, Grizzly Island Wildlife Area SolanoCounty",H4N1,Anas platyrhynchos,UCD.11.02589.P.H4,Pos,Illumina MiSeq,cloacal swab,38.13 N 121.98 W,UCD.11.02589.P.H4,PAIRED,PCR,METAGENOMIC,gut metagenome,ILLUMINA,2017-02-27T00:00:00Z,2017-02-21T11:51:00Z,1,UCD.11.02589.P.H4,SRP100441,male
SRR5275111,AMPLICON,500,10723000,PRJNA358103,SAMN06335151,Metagenome or environmental,7170451,UC DAVIS,2011-08-12,public,"fastq,run.zq,sra","gs,ncbi,s3","gs.us-east1,ncbi.public,s3.us-east-1",SRX2579062,USA,North America,"USA: California\, Grizzly Island Wildlife Area SolanoCounty",H4N9,Anas platyrhynchos,UCD.11.02584.P.H4,Pos,Illumina MiSeq,cloacal swab,38.13 N 121.98 W,UCD.11.02584.P.H4,PAIRED,PCR,METAGENOMIC,gut metagenome,ILLUMINA,2017-02-27T00:00:00Z,2017-02-21T11:51:00Z,1,UCD.11.02584.P.H4,SRP100441,male
SRR5275112,AMPLICON,500,16088000,PRJNA358103,SAMN06335150,Metagenome or environmental,10580557,UC DAVIS,2011-08-12,public,"fastq,run.zq,sra","gs,ncbi,s3","gs.us-east1,ncbi.public,s3.us-east-1",SRX2579063,USA,North America,"USA: California\, Grizzly Island Wildlife Area SolanoCounty",H4N8,Anas platyrhynchos,UCD.11.02566.P.H4,Pos,Illumina MiSeq,cloacal swab,38.13 N 121.98 W,UCD.11.02566.P.H4,PAIRED,PCR,METAGENOMIC,gut metagenome,ILLUMINA,2017-02-27T00:00:00Z,2017-02-21T11:51:00Z,1,UCD.11.02566.P.H4,SRP100441,female
SRR5275113,AMPLICON,500,12969500,PRJNA358103,SAMN06335149,Metagenome or environmental,8454974,UC DAVIS,2011-08-12,public,"fastq,run.zq,sra","gs,ncbi,s3","gs.us-east1,ncbi.public,s3.us-east-1",SRX2579064,USA,North America,"USA: California\, Grizzly Island Wildlife Area SolanoCounty",H4N6,Anas platyrhynchos,UCD.11.02563.P.H4,Pos,Illumina MiSeq,cloacal swab,38.13 N 121.98 W,UCD.11.02563.P.H4,PAIRED,PCR,METAGENOMIC,gut metagenome,ILLUMINA,2017-02-27T00:00:00Z,2017-02-21T11:51:00Z,1,UCD.11.02563.P.H4,SRP100441,female
SRR5275114,AMPLICON,500,12180500,PRJNA358103,SAMN06335148,Metagenome or environmental,7988894,UC DAVIS,2011-08-12,public,"fastq,run.zq,sra","gs,ncbi,s3","gs.us-east1,ncbi.public,s3.us-east-1",SRX2579065,USA,North America,"USA: California\, Grizzly Island Wildlife Area SolanoCounty",H4N8,Anas platyrhynchos,UCD.11.02552.V.H4,Pos,Illumina MiSeq,cloacal swab,38.13 N 121.98 W,UCD.11.02552.V.H4,PAIRED,PCR,METAGENOMIC,gut metagenome,ILLUMINA,2017-02-27T00:00:00Z,2017-02-21T11:51:00Z,1,UCD.11.02552.V.H4,SRP100441,male
SRR5275115,AMPLICON,500,9365500,PRJNA358103,SAMN06335147,Metagenome or environmental,6214630,UC DAVIS,2011-08-12,public,"fastq,run.zq,sra","gs,ncbi,s3","gs.us-east1,ncbi.public,s3.us-east-1",SRX2579066,USA,North America,"USA: California\, Grizzly Island Wildlife Area SolanoCounty",H3N8,Anas platyrhynchos,UCD.11.02549.V.H3,Pos,Illumina MiSeq,cloacal swab,38.13 N 121.98 W,UCD.11.02549.V.H3,PAIRED,PCR,METAGENOMIC,gut metagenome,ILLUMINA,2017-02-27T00:00:00Z,2017-02-21T11:51:00Z,1,UCD.11.02549.V.H3,SRP100441,female
SRR5275116,AMPLICON,500,13421000,PRJNA358103,SAMN06335146,Metagenome or environmental,8829911,UC DAVIS,2011-08-12,public,"fastq,run.zq,sra","gs,ncbi,s3","gs.us-east1,ncbi.public,s3.us-east-1",SRX2579067,USA,North America,"USA: California\, Grizzly Island Wildlife Area SolanoCounty",H3N8,Anas platyrhynchos,UCD.11.02547.V.H3,Pos,Illumina MiSeq,cloacal swab,38.13 N 121.98 W,UCD.11.02547.V.H3,PAIRED,PCR,METAGENOMIC,gut metagenome,ILLUMINA,2017-02-27T00:00:00Z,2017-02-21T11:52:00Z,1,UCD.11.02547.V.H3,SRP100441,male
SRR5275117,AMPLICON,500,10439000,PRJNA358103,SAMN06335145,Metagenome or environmental,6902987,UC DAVIS,2011-08-12,public,"fastq,run.zq,sra","gs,ncbi,s3","gs.us-east1,ncbi.public,s3.us-east-1",SRX2579068,USA,North America,"USA: California\, Grizzly Island Wildlife Area SolanoCounty",neg,Anas platyrhynchos,UCD.11.02546,Neg,Illumina MiSeq,cloacal swab,38.13 N 121.98 W,UCD.11.02546,PAIRED,PCR,METAGENOMIC,gut metagenome,ILLUMINA,2017-02-27T00:00:00Z,2017-02-21T11:51:00Z,1,UCD.11.02546,SRP100441,female
SRR5275118,AMPLICON,500,10914000,PRJNA358103,SAMN06335144,Metagenome or environmental,7217331,UC DAVIS,2011-08-12,public,"fastq,run.zq,sra","gs,ncbi,s3","gs.us-east1,ncbi.public,s3.us-east-1",SRX2579069,USA,North America,"USA: California\, Grizzly Island Wildlife Area SolanoCounty",H5N1,Anas platyrhynchos,UCD.11.02542.V.H5,Pos,Illumina MiSeq,cloacal swab,38.13 N 121.98 W,UCD.11.02542.V.H5,PAIRED,PCR,METAGENOMIC,gut metagenome,ILLUMINA,2017-02-27T00:00:00Z,2017-02-21T11:51:00Z,1,UCD.11.02542.V.H5,SRP100441,male
SRR5275119,AMPLICON,500,4297000,PRJNA358103,SAMN06335143,Metagenome or environmental,2919305,UC DAVIS,2011-08-12,public,"fastq,run.zq,sra","gs,ncbi,s3","gs.us-east1,ncbi.public,s3.us-east-1",SRX2579070,USA,North America,"USA: California\, Grizzly Island Wildlife Area SolanoCounty",neg,Anas platyrhynchos,UCD.11.02541,Neg,Illumina MiSeq,cloacal swab,38.13 N 121.98 W,UCD.11.02541,PAIRED,PCR,METAGENOMIC,gut metagenome,ILLUMINA,2017-02-27T00:00:00Z,2017-02-21T11:51:00Z,1,UCD.11.02541,SRP100441,male
SRR5275120,AMPLICON,500,15697500,PRJNA358103,SAMN06335142,Metagenome or environmental,10211217,UC DAVIS,2011-08-12,public,"fastq,run.zq,sra","gs,ncbi,s3","gs.us-east1,ncbi.public,s3.us-east-1",SRX2579071,USA,North America,"USA: California\, Grizzly Island Wildlife Area SolanoCounty",neg,Anas platyrhynchos,UCD.11.02538,Neg,Illumina MiSeq,cloacal swab,38.13 N 121.98 W,UCD.11.02538,PAIRED,PCR,METAGENOMIC,gut metagenome,ILLUMINA,2017-02-27T00:00:00Z,2017-02-21T11:52:00Z,1,UCD.11.02538,SRP100441,female
SRR5275121,AMPLICON,500,27719000,PRJNA358103,SAMN06335141,Metagenome or environmental,18330572,UC DAVIS,2011-08-12,public,"fastq,run.zq,sra","gs,ncbi,s3","gs.us-east1,ncbi.public,s3.us-east-1",SRX2579072,USA,North America,"USA: California\, Grizzly Island Wildlife Area SolanoCounty",H5N1,Anas platyrhynchos,UCD.11.02536.H5,Pos,Illumina MiSeq,cloacal swab,38.13 N 121.98 W,UCD.11.02536.H5,PAIRED,PCR,METAGENOMIC,gut metagenome,ILLUMINA,2017-02-27T00:00:00Z,2017-02-21T11:52:00Z,1,UCD.11.02536.H5,SRP100441,male
SRR5275122,AMPLICON,500,12199500,PRJNA358103,SAMN06335140,Metagenome or environmental,8177918,UC DAVIS,2011-08-12,public,"fastq,run.zq,sra","gs,ncbi,s3","gs.us-east1,ncbi.public,s3.us-east-1",SRX2579073,USA,North America,"USA: California\, Grizzly Island Wildlife Area SolanoCounty",H5N1,Anas platyrhynchos,UCD.11.02535.P.H5,Pos,Illumina MiSeq,cloacal swab,38.13 N 121.98 W,UCD.11.02535.P.H5,PAIRED,PCR,METAGENOMIC,gut metagenome,ILLUMINA,2017-02-27T00:00:00Z,2017-02-21T11:52:00Z,1,UCD.11.02535.P.H5,SRP100441,male
SRR5275123,AMPLICON,500,16787000,PRJNA358103,SAMN06335139,Metagenome or environmental,10886025,UC DAVIS,2011-08-12,public,"fastq,run.zq,sra","gs,ncbi,s3","gs.us-east1,ncbi.public,s3.us-east-1",SRX2579074,USA,North America,"USA: California\, Grizzly Island Wildlife Area SolanoCounty",H4N6,Anas platyrhynchos,UCD.11.02533.V.H4,Pos,Illumina MiSeq,cloacal swab,38.13 N 121.98 W,UCD.11.02533.V.H4,PAIRED,PCR,METAGENOMIC,gut metagenome,ILLUMINA,2017-02-27T00:00:00Z,2017-02-21T11:52:00Z,1,UCD.11.02533.V.H4,SRP100441,male
SRR5275124,AMPLICON,500,33124000,PRJNA358103,SAMN06335138,Metagenome or environmental,21812454,UC DAVIS,2011-08-12,public,"fastq,run.zq,sra","gs,ncbi,s3","gs.us-east1,ncbi.public,s3.us-east-1",SRX2579075,USA,North America,"USA: California\, Grizzly Island Wildlife Area SolanoCounty",H4N6,Anas platyrhynchos,UCD.11.02532.H4,Pos,Illumina MiSeq,cloacal swab,38.13 N 121.98 W,UCD.11.02532.H4,PAIRED,PCR,METAGENOMIC,gut metagenome,ILLUMINA,2017-02-27T00:00:00Z,2017-02-21T11:52:00Z,1,UCD.11.02532.H4,SRP100441,male
SRR5275125,AMPLICON,500,12626500,PRJNA358103,SAMN06335137,Metagenome or environmental,8224436,UC DAVIS,2011-08-12,public,"fastq,run.zq,sra","gs,ncbi,s3","gs.us-east1,ncbi.public,s3.us-east-1",SRX2579076,USA,North America,"USA: California\, Grizzly Island Wildlife Area SolanoCounty",H5N1,Anas platyrhynchos,UCD.11.02531.P.H5,Pos,Illumina MiSeq,cloacal swab,38.13 N 121.98 W,UCD.11.02531.P.H5,PAIRED,PCR,METAGENOMIC,gut metagenome,ILLUMINA,2017-02-27T00:00:00Z,2017-02-21T11:52:00Z,1,UCD.11.02531.P.H5,SRP100441,male
SRR5275126,AMPLICON,500,12736000,PRJNA358103,SAMN06335136,Metagenome or environmental,8723035,UC DAVIS,2011-08-12,public,"fastq,run.zq,sra","gs,ncbi,s3","gs.us-east1,ncbi.public,s3.us-east-1",SRX2579077,USA,North America,"USA: California\, Grizzly Island Wildlife Area SolanoCounty",neg,Anas platyrhynchos,UCD.11.02529,Neg,Illumina MiSeq,cloacal swab,38.13 N 121.98 W,UCD.11.02529,PAIRED,PCR,METAGENOMIC,gut metagenome,ILLUMINA,2017-02-27T00:00:00Z,2017-02-21T11:52:00Z,1,UCD.11.02529,SRP100441,male
SRR5275127,AMPLICON,500,13294500,PRJNA358103,SAMN06335135,Metagenome or environmental,8637316,UC DAVIS,2011-08-12,public,"fastq,run.zq,sra","gs,ncbi,s3","gs.us-east1,ncbi.public,s3.us-east-1",SRX2579078,USA,North America,"USA: California\, Grizzly Island Wildlife Area SolanoCounty",neg,Anas platyrhynchos,UCD.11.02528,Neg,Illumina MiSeq,cloacal swab,38.13 N 121.98 W,UCD.11.02528,PAIRED,PCR,METAGENOMIC,gut metagenome,ILLUMINA,2017-02-27T00:00:00Z,2017-02-21T11:52:00Z,1,UCD.11.02528,SRP100441,female
SRR5275128,AMPLICON,500,15408500,PRJNA358103,SAMN06335134,Metagenome or environmental,9856964,UC DAVIS,2011-08-12,public,"fastq,run.zq,sra","gs,ncbi,s3","gs.us-east1,ncbi.public,s3.us-east-1",SRX2579079,USA,North America,"USA: California\, Grizzly Island Wildlife Area SolanoCounty",H5N1,Anas platyrhynchos,UCD.11.02527.V.H5,Pos,Illumina MiSeq,cloacal swab,38.13 N 121.98 W,UCD.11.02527.V.H5,PAIRED,PCR,METAGENOMIC,gut metagenome,ILLUMINA,2017-02-27T00:00:00Z,2017-02-21T11:52:00Z,1,UCD.11.02527.V.H5,SRP100441,male
SRR5275129,AMPLICON,500,20950000,PRJNA358103,SAMN06335133,Metagenome or environmental,13610860,UC DAVIS,2011-08-12,public,"fastq,run.zq,sra","gs,ncbi,s3","gs.us-east1,ncbi.public,s3.us-east-1",SRX2579080,USA,North America,"USA: California\, Grizzly Island Wildlife Area SolanoCounty",neg,Anas platyrhynchos,UCD.11.02526,Neg,Illumina MiSeq,cloacal swab,38.13 N 121.98 W,UCD.11.02526,PAIRED,PCR,METAGENOMIC,gut metagenome,ILLUMINA,2017-02-27T00:00:00Z,2017-02-21T11:52:00Z,1,UCD.11.02526,SRP100441,male
SRR5275130,AMPLICON,500,24280000,PRJNA358103,SAMN06335132,Metagenome or environmental,15484963,UC DAVIS,2011-08-12,public,"fastq,run.zq,sra","gs,ncbi,s3","gs.us-east1,ncbi.public,s3.us-east-1",SRX2579081,USA,North America,"USA: California\, Grizzly Island Wildlife Area SolanoCounty",H4N6,Anas platyrhynchos,UCD.11.02525.P.H4,Pos,Illumina MiSeq,cloacal swab,38.13 N 121.98 W,UCD.11.02525.P.H4,PAIRED,PCR,METAGENOMIC,gut metagenome,ILLUMINA,2017-02-27T00:00:00Z,2017-02-21T11:52:00Z,1,UCD.11.02525.P.H4,SRP100441,male
SRR5275131,AMPLICON,500,26146000,PRJNA358103,SAMN06335131,Metagenome or environmental,17218102,UC DAVIS,2011-08-12,public,"fastq,run.zq,sra","gs,ncbi,s3","gs.us-east1,ncbi.public,s3.us-east-1",SRX2579082,USA,North America,"USA: California\, Grizzly Island Wildlife Area SolanoCounty",neg,Anas platyrhynchos,UCD.11.02524,Neg,Illumina MiSeq,cloacal swab,38.13 N 121.98 W,UCD.11.02524,PAIRED,PCR,METAGENOMIC,gut metagenome,ILLUMINA,2017-02-27T00:00:00Z,2017-02-21T11:52:00Z,1,UCD.11.02524,SRP100441,male
SRR5275132,AMPLICON,500,29179500,PRJNA358103,SAMN06335130,Metagenome or environmental,19873399,UC DAVIS,2011-08-12,public,"fastq,run.zq,sra","gs,ncbi,s3","gs.us-east1,ncbi.public,s3.us-east-1",SRX2579083,USA,North America,"USA: California\, Grizzly Island Wildlife Area SolanoCounty",neg,Anas platyrhynchos,UCD.11.02522,Neg,Illumina MiSeq,cloacal swab,38.13 N 121.98 W,UCD.11.02522,PAIRED,PCR,METAGENOMIC,gut metagenome,ILLUMINA,2017-02-27T00:00:00Z,2017-02-21T11:52:00Z,1,UCD.11.02522,SRP100441,female
SRR5275133,AMPLICON,500,23205000,PRJNA358103,SAMN06335129,Metagenome or environmental,14754351,UC DAVIS,2011-08-12,public,"fastq,run.zq,sra","gs,ncbi,s3","gs.us-east1,ncbi.public,s3.us-east-1",SRX2579084,USA,North America,"USA: California\, Grizzly Island Wildlife Area SolanoCounty",H3N8,Anas platyrhynchos,UCD.11.02521,Pos,Illumina MiSeq,cloacal swab,38.13 N 121.98 W,UCD.11.02521,PAIRED,PCR,METAGENOMIC,gut metagenome,ILLUMINA,2017-02-27T00:00:00Z,2017-02-21T11:52:00Z,1,UCD.11.02521,SRP100441,female
SRR5275134,AMPLICON,500,18238500,PRJNA358103,SAMN06335128,Metagenome or environmental,11572200,UC DAVIS,2010-07-30,public,"fastq,run.zq,sra","gs,ncbi,s3","gs.us-east1,ncbi.public,s3.us-east-1",SRX2579085,USA,North America,"USA: California\, Grizzly Island Wildlife Area SolanoCounty",H4N6,Anas platyrhynchos,UCD.10.1297.CP,Pos,Illumina MiSeq,cloacal swab,38.13 N 121.98 W,UCD.10.1297.CP,PAIRED,PCR,METAGENOMIC,gut metagenome,ILLUMINA,2017-02-27T00:00:00Z,2017-02-21T11:52:00Z,1,UCD.10.1297.CP,SRP100441,female
SRR5275135,AMPLICON,500,9808500,PRJNA358103,SAMN06335127,Metagenome or environmental,6483969,UC DAVIS,2010-07-29,public,"fastq,run.zq,sra","gs,ncbi,s3","gs.us-east1,ncbi.public,s3.us-east-1",SRX2579086,USA,North America,"USA: California\, Grizzly Island Wildlife Area SolanoCounty",H4N6,Anas platyrhynchos,UCD.10.1188.CV,Pos,Illumina MiSeq,cloacal swab,38.13 N 121.98 W,UCD.10.1188.CV,PAIRED,PCR,METAGENOMIC,gut metagenome,ILLUMINA,2017-02-27T00:00:00Z,2017-02-21T11:52:00Z,1,UCD.10.1188.CV,SRP100441,female
SRR5275136,AMPLICON,500,9056500,PRJNA358103,SAMN06335126,Metagenome or environmental,6162702,UC DAVIS,2010-07-27,public,"fastq,run.zq,sra","gs,ncbi,s3","gs.us-east1,ncbi.public,s3.us-east-1",SRX2579087,USA,North America,"USA: California\, Grizzly Island Wildlife Area SolanoCounty",H4N6,Anas platyrhynchos,UCD.10.01156.CP,Pos,Illumina MiSeq,cloacal swab,38.13 N 121.98 W,UCD.10.01156.CP,PAIRED,PCR,METAGENOMIC,gut metagenome,ILLUMINA,2017-02-27T00:00:00Z,2017-02-21T11:52:00Z,1,UCD.10.01156.CP,SRP100441,male
SRR5275137,AMPLICON,500,4596500,PRJNA358103,SAMN06335125,Metagenome or environmental,2972564,UC DAVIS,2010-07-27,public,"fastq,run.zq,sra","gs,ncbi,s3","gs.us-east1,ncbi.public,s3.us-east-1",SRX2579088,USA,North America,"USA: California\, Grizzly Island Wildlife Area SolanoCounty",neg,Anas platyrhynchos,UCD.10.01148.CP,Neg,Illumina MiSeq,cloacal swab,38.13 N 121.98 W,UCD.10.01148.CP,PAIRED,PCR,METAGENOMIC,gut metagenome,ILLUMINA,2017-02-27T00:00:00Z,2017-02-21T11:52:00Z,1,UCD.10.01148.CP,SRP100441,female
SRR5275138,AMPLICON,500,19197000,PRJNA358103,SAMN06335124,Metagenome or environmental,12788797,UC DAVIS,2010-07-27,public,"fastq,run.zq,sra","gs,ncbi,s3","gs.us-east1,ncbi.public,s3.us-east-1",SRX2579089,USA,North America,"USA: California\, Grizzly Island Wildlife Area SolanoCounty",neg,Anas platyrhynchos,UCD.10.01147.CP,Neg,Illumina MiSeq,cloacal swab,38.13 N 121.98 W,UCD.10.01147.CP,PAIRED,PCR,METAGENOMIC,gut metagenome,ILLUMINA,2017-02-27T00:00:00Z,2017-02-21T11:52:00Z,1,UCD.10.01147.CP,SRP100441,male
SRR5275139,AMPLICON,500,32141500,PRJNA358103,SAMN06335123,Metagenome or environmental,21135234,UC DAVIS,2010-07-27,public,"fastq,run.zq,sra","gs,ncbi,s3","gs.us-east1,ncbi.public,s3.us-east-1",SRX2579090,USA,North America,"USA: California\, Grizzly Island Wildlife Area SolanoCounty",neg,Anas platyrhynchos,UCD.10.01146.CP,Neg,Illumina MiSeq,cloacal swab,38.13 N 121.98 W,UCD.10.01146.CP,PAIRED,PCR,METAGENOMIC,gut metagenome,ILLUMINA,2017-02-27T00:00:00Z,2017-02-21T11:52:00Z,1,UCD.10.01146.CP,SRP100441,male
SRR5275140,AMPLICON,500,22946500,PRJNA358103,SAMN06335122,Metagenome or environmental,15372941,UC DAVIS,2010-07-27,public,"fastq,run.zq,sra","gs,ncbi,s3","gs.us-east1,ncbi.public,s3.us-east-1",SRX2579091,USA,North America,"USA: California\, Grizzly Island Wildlife Area SolanoCounty",neg,Anas platyrhynchos,UCD.10.01145.CP,Neg,Illumina MiSeq,cloacal swab,38.13 N 121.98 W,UCD.10.01145.CP,PAIRED,PCR,METAGENOMIC,gut metagenome,ILLUMINA,2017-02-27T00:00:00Z,2017-02-21T11:52:00Z,1,UCD.10.01145.CP,SRP100441,female
SRR5275141,AMPLICON,500,36977500,PRJNA358103,SAMN06335121,Metagenome or environmental,23849601,UC DAVIS,2010-07-27,public,"fastq,run.zq,sra","gs,ncbi,s3","gs.us-east1,ncbi.public,s3.us-east-1",SRX2579092,USA,North America,"USA: California\, Grizzly Island Wildlife Area SolanoCounty",neg,Anas platyrhynchos,UCD.10.01144.CP,Neg,Illumina MiSeq,cloacal swab,38.13 N 121.98 W,UCD.10.01144.CP,PAIRED,PCR,METAGENOMIC,gut metagenome,ILLUMINA,2017-02-27T00:00:00Z,2017-02-21T11:52:00Z,1,UCD.10.01144.CP,SRP100441,female
SRR5275142,AMPLICON,500,20996500,PRJNA358103,SAMN06335120,Metagenome or environmental,14125478,UC DAVIS,2010-07-27,public,"fastq,run.zq,sra","gs,ncbi,s3","gs.us-east1,ncbi.public,s3.us-east-1",SRX2579093,USA,North America,"USA: California\, Grizzly Island Wildlife Area SolanoCounty",neg,Anas platyrhynchos,UCD.10.01143.CP,Neg,Illumina MiSeq,cloacal swab,38.13 N 121.98 W,UCD.10.01143.CP,PAIRED,PCR,METAGENOMIC,gut metagenome,ILLUMINA,2017-02-27T00:00:00Z,2017-02-21T11:52:00Z,1,UCD.10.01143.CP,SRP100441,female
SRR5275143,AMPLICON,500,15565000,PRJNA358103,SAMN06335119,Metagenome or environmental,10284315,UC DAVIS,2010-07-27,public,"fastq,run.zq,sra","gs,ncbi,s3","gs.us-east1,ncbi.public,s3.us-east-1",SRX2579094,USA,North America,"USA: California\, Grizzly Island Wildlife Area SolanoCounty",neg,Anas platyrhynchos,UCD.10.01142.CP,Neg,Illumina MiSeq,cloacal swab,38.13 N 121.98 W,UCD.10.01142.CP,PAIRED,PCR,METAGENOMIC,gut metagenome,ILLUMINA,2017-02-27T00:00:00Z,2017-02-21T11:52:00Z,1,UCD.10.01142.CP,SRP100441,female
SRR5275144,AMPLICON,500,23833500,PRJNA358103,SAMN06335118,Metagenome or environmental,15627605,UC DAVIS,2010-07-27,public,"fastq,run.zq,sra","gs,ncbi,s3","gs.us-east1,ncbi.public,s3.us-east-1",SRX2579095,USA,North America,"USA: California\, Grizzly Island Wildlife Area SolanoCounty",neg,Anas platyrhynchos,UCD.10.01141.CP,Neg,Illumina MiSeq,cloacal swab,38.13 N 121.98 W,UCD.10.01141.CP,PAIRED,PCR,METAGENOMIC,gut metagenome,ILLUMINA,2017-02-27T00:00:00Z,2017-02-21T11:52:00Z,1,UCD.10.01141.CP,SRP100441,female
SRR5275145,AMPLICON,500,6370000,PRJNA358103,SAMN06335115,Metagenome or environmental,4385392,UC DAVIS,2009-07-23,public,"fastq,run.zq,sra","gs,ncbi,s3","gs.us-east1,ncbi.public,s3.us-east-1",SRX2579096,USA,North America,"USA: California\, Solano County\, Balboa\, Suisun Marsh",H5N2,Anas platyrhynchos,UCD.09.05502,Pos,Illumina MiSeq,cloacal swab,38.16 N 121.97 W,UCD.09.05502,PAIRED,PCR,METAGENOMIC,gut metagenome,ILLUMINA,2017-02-27T00:00:00Z,2017-02-21T11:52:00Z,1,UCD.09.05502,SRP100441,male
SRR5275146,AMPLICON,500,12440000,PRJNA358103,SAMN06335114,Metagenome or environmental,8104528,UC DAVIS,2009-07-23,public,"fastq,run.zq,sra","gs,ncbi,s3","gs.us-east1,ncbi.public,s3.us-east-1",SRX2579097,USA,North America,"USA: California\, Solano County\, Arnold Ranch\, Suisun Marsh",H4N2,Anas platyrhynchos,UCD.09.05495,Pos,Illumina MiSeq,cloacal swab,38.17 N 122.07 W,UCD.09.05495,PAIRED,PCR,METAGENOMIC,gut metagenome,ILLUMINA,2017-02-27T00:00:00Z,2017-02-21T11:52:00Z,1,UCD.09.05495,SRP100441,female
SRR5275147,AMPLICON,500,9209000,PRJNA358103,SAMN06335113,Metagenome or environmental,6173776,UC DAVIS,2009-07-23,public,"fastq,run.zq,sra","gs,ncbi,s3","gs.us-east1,ncbi.public,s3.us-east-1",SRX2579098,USA,North America,"USA: California\, Solano County\, Arnold Ranch\, Suisun Marsh",H5N2,Anas platyrhynchos,UCD.09.05491,Pos,Illumina MiSeq,cloacal swab,38.17 N 122.07 W,UCD.09.05491,PAIRED,PCR,METAGENOMIC,gut metagenome,ILLUMINA,2017-02-27T00:00:00Z,2017-02-21T11:52:00Z,1,UCD.09.05491,SRP100441,male
SRR5275148,AMPLICON,500,12120000,PRJNA358103,SAMN06335112,Metagenome or environmental,7909916,UC DAVIS,2009-07-23,public,"fastq,run.zq,sra","gs,ncbi,s3","gs.us-east1,ncbi.public,s3.us-east-1",SRX2579099,USA,North America,"USA: California\, Solano County\, Arnold Ranch\, Suisun Marsh",H5N2,Anas platyrhynchos,UCD.09.05319,Pos,Illumina MiSeq,cloacal swab,38.17 N 122.07 W,UCD.09.05319,PAIRED,PCR,METAGENOMIC,gut metagenome,ILLUMINA,2017-02-27T00:00:00Z,2017-02-21T11:52:00Z,1,UCD.09.05319,SRP100441,male
SRR5275149,AMPLICON,500,10139500,PRJNA358103,SAMN06335111,Metagenome or environmental,6669932,UC DAVIS,2009-07-29,public,"fastq,run.zq,sra","gs,ncbi,s3","gs.us-east1,ncbi.public,s3.us-east-1",SRX2579100,USA,North America,"USA: California\, Solano County\, Sunrise\, Suisun Marsh",H5N2,Anas platyrhynchos,UCD.09.05296,Pos,Illumina MiSeq,cloacal swab,38.18 N 122.09 W,UCD.09.05296,PAIRED,PCR,METAGENOMIC,gut metagenome,ILLUMINA,2017-02-27T00:00:00Z,2017-02-21T11:52:00Z,1,UCD.09.05296,SRP100441,male
SRR5275150,AMPLICON,500,10516000,PRJNA358103,SAMN06335110,Metagenome or environmental,6956169,UC DAVIS,2009-07-29,public,"fastq,run.zq,sra","gs,ncbi,s3","gs.us-east1,ncbi.public,s3.us-east-1",SRX2579101,USA,North America,"USA: California\, Solano County\, Arnold Ranch\, Suisun Marsh",H3.4N2.8,Anas platyrhynchos,UCD.09.05282,Pos,Illumina MiSeq,cloacal swab,38.17 N 122.07 W,UCD.09.05282,PAIRED,PCR,METAGENOMIC,gut metagenome,ILLUMINA,2017-02-27T00:00:00Z,2017-02-21T11:52:00Z,1,UCD.09.05282,SRP100441,male
SRR5275151,AMPLICON,500,22303000,PRJNA358103,SAMN06335109,Metagenome or environmental,14882068,UC DAVIS,2009-07-29,public,"fastq,run.zq,sra","gs,ncbi,s3","gs.us-east1,ncbi.public,s3.us-east-1",SRX2579102,USA,North America,"USA: California\, Solano County\, Arnold Ranch\, Suisun Marsh",H4N6,Anas platyrhynchos,UCD.09.05271,Pos,Illumina MiSeq,cloacal swab,38.17 N 122.07 W,UCD.09.05271,PAIRED,PCR,METAGENOMIC,gut metagenome,ILLUMINA,2017-02-27T00:00:00Z,2017-02-21T11:52:00Z,1,UCD.09.05271,SRP100441,male
SRR5275152,AMPLICON,500,14820500,PRJNA358103,SAMN06335108,Metagenome or environmental,9974390,UC DAVIS,2009-07-28,public,"fastq,run.zq,sra","gs,ncbi,s3","gs.us-east1,ncbi.public,s3.us-east-1",SRX2579103,USA,North America,"USA: California\, Solano County\, Arnold Ranch\, Suisun Marsh",H3N8,Anas platyrhynchos,UCD.09.05255.V,Pos,Illumina MiSeq,cloacal swab,38.17 N 122.07 W,UCD.09.05255.V,PAIRED,PCR,METAGENOMIC,gut metagenome,ILLUMINA,2017-02-27T00:00:00Z,2017-02-21T11:52:00Z,1,UCD.09.05255.V,SRP100441,female
SRR5275153,AMPLICON,500,12496500,PRJNA358103,SAMN06335098,Metagenome or environmental,8371731,UC DAVIS,2009-07-27,public,"fastq,run.zq,sra","gs,ncbi,s3","gs.us-east1,ncbi.public,s3.us-east-1",SRX2579104,USA,North America,"USA: California\, Solano County\, Sunrise\, Suisun Marsh",H5N2,Anas platyrhynchos,UCD.09.05222,Pos,Illumina MiSeq,cloacal swab,38.18 N 122.09 W,UCD.09.05222,PAIRED,PCR,METAGENOMIC,gut metagenome,ILLUMINA,2017-02-27T00:00:00Z,2017-02-21T11:52:00Z,1,UCD.09.05222,SRP100441,male
SRR5275154,AMPLICON,500,16982000,PRJNA358103,SAMN06335097,Metagenome or environmental,10622401,UC DAVIS,2009-07-27,public,"fastq,run.zq,sra","gs,ncbi,s3","gs.us-east1,ncbi.public,s3.us-east-1",SRX2579105,USA,North America,"USA: California\, Solano County\, Sunrise\, Suisun Marsh",H5N2,Anas platyrhynchos,UCD.09.05219,Pos,Illumina MiSeq,cloacal swab,38.18 N 122.09 W,UCD.09.05219,PAIRED,PCR,METAGENOMIC,gut metagenome,ILLUMINA,2017-02-27T00:00:00Z,2017-02-21T11:52:00Z,1,UCD.09.05219,SRP100441,male
SRR5275155,AMPLICON,500,23663000,PRJNA358103,SAMN06335096,Metagenome or environmental,16377126,UC DAVIS,2009-07-27,public,"fastq,run.zq,sra","gs,ncbi,s3","gs.us-east1,ncbi.public,s3.us-east-1",SRX2579106,USA,North America,"USA: California\, Solano County\, Sunrise\, Suisun Marsh",H5N2,Anas platyrhynchos,UCD.09.05212,Pos,Illumina MiSeq,cloacal swab,38.18 N 122.09 W,UCD.09.05212,PAIRED,PCR,METAGENOMIC,gut metagenome,ILLUMINA,2017-02-27T00:00:00Z,2017-02-21T11:52:00Z,1,UCD.09.05212,SRP100441,female
SRR5275156,AMPLICON,500,22968000,PRJNA358103,SAMN06335095,Metagenome or environmental,15124638,UC DAVIS,2009-07-27,public,"fastq,run.zq,sra","gs,ncbi,s3","gs.us-east1,ncbi.public,s3.us-east-1",SRX2579107,USA,North America,"USA: California\, Solano County\, Arnold Ranch\, Suisun Marsh",H4N2.6,Anas platyrhynchos,UCD.09.05205,Pos,Illumina MiSeq,cloacal swab,38.17 N 122.07 W,UCD.09.05205,PAIRED,PCR,METAGENOMIC,gut metagenome,ILLUMINA,2017-02-27T00:00:00Z,2017-02-21T11:52:00Z,1,UCD.09.05205,SRP100441,female
SRR5275157,AMPLICON,500,12508500,PRJNA358103,SAMN06335094,Metagenome or environmental,8200641,UC DAVIS,2009-07-27,public,"fastq,run.zq,sra","gs,ncbi,s3","gs.us-east1,ncbi.public,s3.us-east-1",SRX2579108,USA,North America,"USA: California\, Solano County\, Arnold Ranch\, Suisun Marsh",H5N2,Anas platyrhynchos,UCD.09.05197,Pos,Illumina MiSeq,cloacal swab,38.17 N 122.07 W,UCD.09.05197,PAIRED,PCR,METAGENOMIC,gut metagenome,ILLUMINA,2017-02-27T00:00:00Z,2017-02-21T11:52:00Z,1,UCD.09.05197,SRP100441,female
SRR5275158,AMPLICON,500,10732000,PRJNA358103,SAMN06335093,Metagenome or environmental,7124986,UC DAVIS,2009-07-27,public,"fastq,run.zq,sra","gs,ncbi,s3","gs.us-east1,ncbi.public,s3.us-east-1",SRX2579109,USA,North America,"USA: California\, Solano County\, Arnold Ranch\, Suisun Marsh",H4N2,Anas platyrhynchos,UCD.09.05192,Pos,Illumina MiSeq,cloacal swab,38.17 N 122.07 W,UCD.09.05192,PAIRED,PCR,METAGENOMIC,gut metagenome,ILLUMINA,2017-02-27T00:00:00Z,2017-02-21T11:52:00Z,1,UCD.09.05192,SRP100441,male
SRR5275159,AMPLICON,500,11459500,PRJNA358103,SAMN06335092,Metagenome or environmental,7819566,UC DAVIS,2009-07-27,public,"fastq,run.zq,sra","gs,ncbi,s3","gs.us-east1,ncbi.public,s3.us-east-1",SRX2579110,USA,North America,"USA: California\, Solano County\, Arnold Ranch\, Suisun Marsh",H5N2,Anas platyrhynchos,UCD.09.05191,Pos,Illumina MiSeq,cloacal swab,38.17 N 122.07 W,UCD.09.05191,PAIRED,PCR,METAGENOMIC,gut metagenome,ILLUMINA,2017-02-27T00:00:00Z,2017-02-21T11:52:00Z,1,UCD.09.05191,SRP100441,male
SRR5275160,AMPLICON,500,22075000,PRJNA358103,SAMN06335091,Metagenome or environmental,14239328,UC DAVIS,2009-07-25,public,"fastq,run.zq,sra","gs,ncbi,s3","gs.us-east1,ncbi.public,s3.us-east-1",SRX2579111,USA,North America,"USA: California\, Solano County\, Sunrise\, Suisun Marsh",H5N2,Anas platyrhynchos,UCD.09.05174,Pos,Illumina MiSeq,cloacal swab,38.18 N 122.09 W,UCD.09.05174,PAIRED,PCR,METAGENOMIC,gut metagenome,ILLUMINA,2017-02-27T00:00:00Z,2017-02-21T11:52:00Z,1,UCD.09.05174,SRP100441,male
SRR5275161,AMPLICON,500,21090500,PRJNA358103,SAMN06335090,Metagenome or environmental,13772430,UC DAVIS,2009-07-25,public,"fastq,run.zq,sra","gs,ncbi,s3","gs.us-east1,ncbi.public,s3.us-east-1",SRX2579112,USA,North America,"USA: California\, Solano County\, Arnold Ranch\, Suisun Marsh",H5N2,Anas platyrhynchos,UCD.09.05149,Pos,Illumina MiSeq,cloacal swab,38.17 N 122.07 W,UCD.09.05149,PAIRED,PCR,METAGENOMIC,gut metagenome,ILLUMINA,2017-02-27T00:00:00Z,2017-02-21T11:52:00Z,1,UCD.09.05149,SRP100441,female
SRR5275383,AMPLICON,500,8499000,PRJNA358103,SAMN06335117,Metagenome or environmental,5758116,UC DAVIS,2010-07-27,public,"fastq,run.zq,sra","gs,ncbi,s3","gs.us-east1,ncbi.public,s3.us-east-1",SRX2579323,USA,North America,"USA: California\, Grizzly Island Wildlife Area SolanoCounty",neg,Anas platyrhynchos,UCD.10.01140.CP,Neg,Illumina MiSeq,cloacal swab,38.13 N 121.98 W,UCD.10.01140.CP,PAIRED,PCR,METAGENOMIC,gut metagenome,ILLUMINA,2017-02-27T00:00:00Z,2017-02-21T13:45:00Z,1,UCD.10.01140.CP,SRP100441,male
SRR5275384,AMPLICON,500,10885500,PRJNA358103,SAMN06335116,Metagenome or environmental,7477223,UC DAVIS,2010-07-27,public,"fastq,run.zq,sra","gs,ncbi,s3","gs.us-east1,ncbi.public,s3.us-east-1",SRX2579324,USA,North America,"USA: California\, Grizzly Island Wildlife Area SolanoCounty",neg,Anas platyrhynchos,UCD.10.01139.CP,Neg,Illumina MiSeq,cloacal swab,38.13 N 121.98 W,UCD.10.01139.CP,PAIRED,PCR,METAGENOMIC,gut metagenome,ILLUMINA,2017-02-27T00:00:00Z,2017-02-21T13:45:00Z,1,UCD.10.01139.CP,SRP100441,female
SRR5275385,AMPLICON,500,13909500,PRJNA358103,SAMN06335107,Metagenome or environmental,9483830,UC DAVIS,2009-07-27,public,"fastq,run.zq,sra","gs,ncbi,s3","gs.us-east1,ncbi.public,s3.us-east-1",SRX2579325,USA,North America,"USA: California\, Solano County\, Balboa\, Suisun Marsh",neg,Anas platyrhynchos,UCD.09.05244,Neg,Illumina MiSeq,cloacal swab,38.16 N 121.97 W,UCD.09.05244,PAIRED,PCR,METAGENOMIC,gut metagenome,ILLUMINA,2017-02-27T00:00:00Z,2017-02-21T13:45:00Z,1,UCD.09.05244,SRP100441,female
SRR5275386,AMPLICON,500,11999500,PRJNA358103,SAMN06335106,Metagenome or environmental,8039327,UC DAVIS,2009-07-27,public,"fastq,run.zq,sra","gs,ncbi,s3","gs.us-east1,ncbi.public,s3.us-east-1",SRX2579326,USA,North America,"USA: California\, Solano County\, Balboa\, Suisun Marsh",neg,Anas platyrhynchos,UCD.09.05243,Neg,Illumina MiSeq,cloacal swab,38.16 N 121.97 W,UCD.09.05243,PAIRED,PCR,METAGENOMIC,gut metagenome,ILLUMINA,2017-02-27T00:00:00Z,2017-02-21T13:45:00Z,1,UCD.09.05243,SRP100441,male
SRR5275387,AMPLICON,500,11642000,PRJNA358103,SAMN06335105,Metagenome or environmental,7710186,UC DAVIS,2009-07-27,public,"fastq,run.zq,sra","gs,ncbi,s3","gs.us-east1,ncbi.public,s3.us-east-1",SRX2579327,USA,North America,"USA: California\, Solano County\, Balboa\, Suisun Marsh",neg,Anas platyrhynchos,UCD.09.05241,Neg,Illumina MiSeq,cloacal swab,38.16 N 121.97 W,UCD.09.05241,PAIRED,PCR,METAGENOMIC,gut metagenome,ILLUMINA,2017-02-27T00:00:00Z,2017-02-21T13:45:00Z,1,UCD.09.05241,SRP100441,male
SRR5275388,AMPLICON,500,13555500,PRJNA358103,SAMN06335104,Metagenome or environmental,8680012,UC DAVIS,2009-07-27,public,"fastq,run.zq,sra","gs,ncbi,s3","gs.us-east1,ncbi.public,s3.us-east-1",SRX2579328,USA,North America,"USA: California\, Solano County\, Balboa\, Suisun Marsh",neg,Anas platyrhynchos,UCD.09.05240,Neg,Illumina MiSeq,cloacal swab,38.16 N 121.97 W,UCD.09.05240,PAIRED,PCR,METAGENOMIC,gut metagenome,ILLUMINA,2017-02-27T00:00:00Z,2017-02-21T13:45:00Z,1,UCD.09.05240,SRP100441,female
SRR5275389,AMPLICON,500,12021000,PRJNA358103,SAMN06335103,Metagenome or environmental,8108820,UC DAVIS,2009-07-27,public,"fastq,run.zq,sra","gs,ncbi,s3","gs.us-east1,ncbi.public,s3.us-east-1",SRX2579329,USA,North America,"USA: California\, Solano County\, Balboa\, Suisun Marsh",neg,Anas platyrhynchos,UCD.09.05239,Neg,Illumina MiSeq,cloacal swab,38.16 N 121.97 W,UCD.09.05239,PAIRED,PCR,METAGENOMIC,gut metagenome,ILLUMINA,2017-02-27T00:00:00Z,2017-02-21T13:45:00Z,1,UCD.09.05239,SRP100441,male
SRR5275390,AMPLICON,500,12805500,PRJNA358103,SAMN06335102,Metagenome or environmental,8447793,UC DAVIS,2009-07-27,public,"fastq,run.zq,sra","gs,ncbi,s3","gs.us-east1,ncbi.public,s3.us-east-1",SRX2579330,USA,North America,"USA: California\, Solano County\, Balboa\, Suisun Marsh",neg,Anas platyrhynchos,UCD.09.05238,Neg,Illumina MiSeq,cloacal swab,38.16 N 121.97 W,UCD.09.05238,PAIRED,PCR,METAGENOMIC,gut metagenome,ILLUMINA,2017-02-27T00:00:00Z,2017-02-21T13:45:00Z,1,UCD.09.05238,SRP100441,male
SRR5275391,AMPLICON,500,16670500,PRJNA358103,SAMN06335101,Metagenome or environmental,11185687,UC DAVIS,2009-07-27,public,"fastq,run.zq,sra","gs,ncbi,s3","gs.us-east1,ncbi.public,s3.us-east-1",SRX2579331,USA,North America,"USA: California\, Solano County\, Balboa\, Suisun Marsh",neg,Anas platyrhynchos,UCD.09.05236,Neg,Illumina MiSeq,cloacal swab,38.16 N 121.97 W,UCD.09.05236,PAIRED,PCR,METAGENOMIC,gut metagenome,ILLUMINA,2017-02-27T00:00:00Z,2017-02-21T13:45:00Z,1,UCD.09.05236,SRP100441,male
SRR5275392,AMPLICON,500,8409000,PRJNA358103,SAMN06335100,Metagenome or environmental,5689375,UC DAVIS,2009-07-27,public,"fastq,run.zq,sra","gs,ncbi,s3","gs.us-east1,ncbi.public,s3.us-east-1",SRX2579332,USA,North America,"USA: California\, Solano County\, Balboa\, Suisun Marsh",neg,Anas platyrhynchos,UCD.09.05235,Neg,Illumina MiSeq,cloacal swab,38.16 N 121.97 W,UCD.09.05235,PAIRED,PCR,METAGENOMIC,gut metagenome,ILLUMINA,2017-02-27T00:00:00Z,2017-02-21T13:45:00Z,1,UCD.09.05235,SRP100441,male
SRR5275393,AMPLICON,500,7987500,PRJNA358103,SAMN06335099,Metagenome or environmental,5358802,UC DAVIS,2009-07-27,public,"fastq,run.zq,sra","gs,ncbi,s3","gs.us-east1,ncbi.public,s3.us-east-1",SRX2579333,USA,North America,"USA: California\, Solano County\, Balboa\, Suisun Marsh",neg,Anas platyrhynchos,UCD.09.05233,Neg,Illumina MiSeq,cloacal swab,38.16 N 121.97 W,UCD.09.05233,PAIRED,PCR,METAGENOMIC,gut metagenome,ILLUMINA,2017-02-27T00:00:00Z,2017-02-21T13:45:00Z,1,UCD.09.05233,SRP100441,male
